Brent Yorgey
Wed, 19 Mar 2014 13:28:57 -0400
Jeffrey Rosenbluth
Mon, 17 Mar 2014 15:37:11 -0400
Brent Yorgey
Mon, 17 Mar 2014 11:48:52 -0400
Brent Yorgey
Mon, 17 Mar 2014 11:18:34 -0400
Brent Yorgey
Sat, 15 Mar 2014 16:30:17 -0400
Brent Yorgey
Sat, 15 Mar 2014 16:30:08 -0400
Jeffrey Rosenbluth
Thu, 13 Mar 2014 17:39:58 -0400
Brent Yorgey
Thu, 13 Mar 2014 15:51:58 -0400
Brent Yorgey
Thu, 13 Mar 2014 15:51:31 -0400
Brent Yorgey
Thu, 13 Mar 2014 15:49:28 -0400
Brent Yorgey
Thu, 13 Mar 2014 15:49:13 -0400
Jeffrey Rosenbluth
Thu, 13 Mar 2014 14:46:59 -0400
Brent Yorgey
Mon, 10 Mar 2014 13:31:06 -0400
Brent Yorgey
Mon, 10 Mar 2014 13:11:55 -0400
Brent Yorgey
Sat, 8 Mar 2014 20:48:20 -0500
Brent Yorgey
Sat, 8 Mar 2014 20:48:04 -0500
Brent Yorgey
Sat, 8 Mar 2014 20:42:29 -0500
Brent Yorgey
Fri, 7 Mar 2014 17:21:24 -0500
Brent Yorgey
Fri, 7 Mar 2014 17:19:07 -0500
Brent Yorgey
Fri, 7 Mar 2014 17:06:31 -0500
Brent Yorgey
Thu, 6 Mar 2014 21:24:39 -0500
Daniel Bergey
Fri, 7 Mar 2014 02:13:37 +0000
Brent Yorgey
Thu, 6 Mar 2014 21:09:47 -0500
Brent Yorgey
Thu, 6 Mar 2014 20:52:40 -0500
Brent Yorgey
Thu, 6 Mar 2014 20:45:33 -0500
Brent Yorgey
Thu, 6 Mar 2014 11:46:02 -0500
Brent Yorgey
Thu, 6 Mar 2014 11:45:50 -0500
Brent Yorgey
Thu, 6 Mar 2014 10:51:43 -0500
Brent Yorgey
Thu, 6 Mar 2014 09:30:19 -0500
Brent Yorgey
Thu, 6 Mar 2014 08:34:44 -0500
Brent Yorgey
Wed, 5 Mar 2014 21:52:49 -0500
Daniel Bergey
Thu, 6 Mar 2014 00:33:53 +0000
Brent Yorgey
Wed, 5 Mar 2014 18:45:31 -0500
Brent Yorgey
Sun, 2 Mar 2014 22:36:31 -0500
Brent Yorgey
Sun, 2 Mar 2014 21:26:35 -0500
Brent Yorgey
Sat, 1 Mar 2014 22:15:44 -0500
Brent Yorgey
Sat, 1 Mar 2014 22:15:38 -0500
Brent Yorgey
Sat, 1 Mar 2014 16:48:30 -0500
Brent Yorgey
Sat, 1 Mar 2014 16:21:14 -0500
Brent Yorgey
Sat, 1 Mar 2014 16:21:01 -0500
Daniel Bergey
Wed, 26 Feb 2014 17:31:53 +0000
Daniel Bergey
Wed, 26 Feb 2014 16:07:02 +0000
Daniel Bergey
Wed, 26 Feb 2014 14:22:01 +0000
Daniel Bergey
Tue, 25 Feb 2014 14:45:36 +0000
Daniel Bergey
Tue, 25 Feb 2014 14:39:15 +0000
Daniel Bergey
Tue, 25 Feb 2014 14:37:08 +0000
Brent Yorgey
Thu, 13 Feb 2014 22:08:27 -0500
Brent Yorgey
Sun, 23 Feb 2014 17:20:08 -0500
Brent Yorgey
Sun, 23 Feb 2014 17:17:18 -0500
Brent Yorgey
Sun, 23 Feb 2014 17:02:31 -0500
Brent Yorgey
Sun, 23 Feb 2014 09:50:01 -0500
Brent Yorgey
Sun, 23 Feb 2014 09:48:56 -0500
Brent Yorgey
Sat, 22 Feb 2014 12:56:17 -0500
Jeffrey Rosenbluth
Sat, 22 Feb 2014 11:26:30 -0500
Jeffrey Rosenbluth
Sat, 22 Feb 2014 11:24:31 -0500
Jeffrey Rosenbluth
Sat, 22 Feb 2014 10:50:19 -0500
Brent Yorgey
Fri, 21 Feb 2014 23:55:52 -0500
Brent Yorgey
Fri, 21 Feb 2014 23:52:20 -0500
Daniel Bergey
Fri, 21 Feb 2014 16:00:55 +0000
Jeffrey Rosenbluth
Thu, 20 Feb 2014 11:46:21 -0500
Jeffrey Rosenbluth
Thu, 20 Feb 2014 10:00:10 -0500
Daniel Bergey
Thu, 20 Feb 2014 14:07:16 +0000
Brent Yorgey
Tue, 18 Feb 2014 08:15:59 -0500
Brent Yorgey
Fri, 14 Feb 2014 14:53:12 -0500
Brent Yorgey
Thu, 13 Feb 2014 22:08:27 -0500
Brent Yorgey
Thu, 13 Feb 2014 14:42:53 -0500
Brent Yorgey
Thu, 13 Feb 2014 14:38:03 -0500
Brent Yorgey
Wed, 12 Feb 2014 20:01:43 -0500
Brent Yorgey
Tue, 11 Feb 2014 13:30:39 -0500
Daniel Bergey
Tue, 11 Feb 2014 15:38:12 +0000
Daniel Bergey
Tue, 11 Feb 2014 15:36:48 +0000
Brent Yorgey
Tue, 11 Feb 2014 09:26:48 -0500
Daniel Bergey
Sun, 9 Feb 2014 18:40:31 +0000
Jeffrey Rosenbluth
Mon, 3 Feb 2014 15:20:02 -0500
Jeffrey Rosenbluth
Mon, 3 Feb 2014 15:07:57 -0500
Jeffrey Rosenbluth
Mon, 3 Feb 2014 14:59:24 -0500
Brent Yorgey
Mon, 27 Jan 2014 13:10:38 -0500
Brent Yorgey
Mon, 27 Jan 2014 13:06:39 -0500
Brent Yorgey
Mon, 27 Jan 2014 13:03:09 -0500
Jeffrey Rosenbluth
Tue, 14 Jan 2014 20:47:38 -0500
Brent Yorgey
Mon, 27 Jan 2014 12:40:31 -0500
Brent Yorgey
Mon, 27 Jan 2014 12:39:44 -0500
Brent Yorgey
Mon, 27 Jan 2014 12:39:29 -0500
Daniel Bergey
Thu, 23 Jan 2014 15:20:19 +0000
Jeffrey Rosenbluth
Tue, 21 Jan 2014 13:41:10 -0500
Jeffrey Rosenbluth
Mon, 20 Jan 2014 10:04:45 -0500
Brent Yorgey
Mon, 20 Jan 2014 01:32:57 -0500
Brent Yorgey
Mon, 20 Jan 2014 00:40:38 -0500
Daniel Bergey
Mon, 20 Jan 2014 01:56:03 +0000
Brent Yorgey
Sat, 18 Jan 2014 16:42:11 -0500
Brent Yorgey
Sat, 18 Jan 2014 16:41:46 -0500
Brent Yorgey
Fri, 17 Jan 2014 16:53:26 -0500
Brent Yorgey
Fri, 17 Jan 2014 16:53:13 -0500
Brent Yorgey
Fri, 17 Jan 2014 16:53:04 -0500
Brent Yorgey
Fri, 17 Jan 2014 16:34:51 -0500
Brent Yorgey
Fri, 17 Jan 2014 14:25:06 -0500
Brent Yorgey
Fri, 17 Jan 2014 12:13:12 -0500
Brent Yorgey
Thu, 16 Jan 2014 22:52:48 -0500
Jeffrey Rosenbluth
Tue, 14 Jan 2014 20:47:38 -0500
Brent Yorgey
Tue, 14 Jan 2014 17:36:51 -0500
Brent Yorgey
Mon, 13 Jan 2014 21:13:51 -0500
Daniel Bergey
Wed, 8 Jan 2014 10:16:40 -0800
Jeffrey Rosenbluth
Sat, 4 Jan 2014 16:21:33 -0500
Jeffrey Rosenbluth
Sat, 4 Jan 2014 16:11:30 -0500
Jeffrey Rosenbluth
Sat, 4 Jan 2014 15:50:05 -0500
Jeffrey Rosenbluth
Sat, 4 Jan 2014 15:08:27 -0500
Jeffrey Rosenbluth
Sat, 4 Jan 2014 14:37:38 -0500
Jeffrey Rosenbluth
Sat, 4 Jan 2014 14:33:39 -0500
Daniel Bergey
Sat, 4 Jan 2014 03:56:56 +0000
Jeffrey Rosenbluth
Tue, 31 Dec 2013 14:19:39 -0500
Jeffrey Rosenbluth
Sun, 8 Dec 2013 18:09:48 -0500
Jeffrey Rosenbluth
Sat, 7 Dec 2013 23:26:45 -0500
Brent Yorgey
Sat, 7 Dec 2013 11:59:20 -0500
Brent Yorgey
Thu, 5 Dec 2013 12:21:43 -0500
Brent Yorgey
Thu, 5 Dec 2013 12:17:00 -0500
Brent Yorgey
Thu, 5 Dec 2013 11:54:44 -0500
Brent Yorgey
Thu, 5 Dec 2013 06:36:28 -0800
Ryan Yates
Thu, 5 Dec 2013 09:33:38 -0500
Brent Yorgey
Thu, 5 Dec 2013 06:32:01 -0800
Jeffrey Rosenbluth
Thu, 5 Dec 2013 09:06:32 -0500
Daniel Bergey
Wed, 4 Dec 2013 20:07:52 +0000
Daniel Bergey
Wed, 4 Dec 2013 20:05:51 +0000
Daniel Bergey
Wed, 4 Dec 2013 20:04:40 +0000
Jeffrey Rosenbluth
Wed, 4 Dec 2013 10:31:26 -0500
Jeffrey Rosenbluth
Wed, 4 Dec 2013 10:24:16 -0500
Jeffrey Rosenbluth
Wed, 4 Dec 2013 10:24:09 -0500
Daniel Bergey
Wed, 4 Dec 2013 02:39:58 +0000
Jeffrey Rosenbluth
Tue, 3 Dec 2013 10:18:59 -0500
Jeffrey Rosenbluth
Mon, 2 Dec 2013 17:07:29 -0500
Brent Yorgey
Fri, 29 Nov 2013 15:33:00 -0500
Brent Yorgey
Fri, 29 Nov 2013 15:37:39 -0500
Brent Yorgey
Fri, 29 Nov 2013 15:33:00 -0500
Brent Yorgey
Thu, 28 Nov 2013 19:50:38 -0500
Brent Yorgey
Tue, 26 Nov 2013 21:50:42 -0500
Brent Yorgey
Tue, 26 Nov 2013 16:14:01 -0500
Brent Yorgey
Tue, 26 Nov 2013 15:31:43 -0500
Brent Yorgey
Tue, 26 Nov 2013 15:29:32 -0500
Brent Yorgey
Tue, 26 Nov 2013 15:07:23 -0500
Brent Yorgey
Tue, 26 Nov 2013 14:49:41 -0500
Brent Yorgey
Tue, 26 Nov 2013 14:47:30 -0500
Brent Yorgey
Tue, 26 Nov 2013 14:47:16 -0500
Brent Yorgey
Tue, 26 Nov 2013 14:46:09 -0500
Brent Yorgey
Mon, 25 Nov 2013 17:14:01 -0500
Brent Yorgey
Mon, 25 Nov 2013 17:13:55 -0500
Brent Yorgey
Mon, 25 Nov 2013 07:15:45 -0500
Brent Yorgey
Mon, 25 Nov 2013 07:14:30 -0500
Brent Yorgey
Mon, 25 Nov 2013 07:08:55 -0500
Brent Yorgey
Mon, 25 Nov 2013 07:05:52 -0500
Brent Yorgey
Sun, 24 Nov 2013 22:33:19 -0500
Brent Yorgey
Sun, 24 Nov 2013 22:28:55 -0500
Brent Yorgey
Sun, 24 Nov 2013 22:28:48 -0500
Brent Yorgey
Sun, 24 Nov 2013 16:01:13 -0500
Brent Yorgey
Sat, 23 Nov 2013 21:30:12 -0500
Brent Yorgey
Sat, 23 Nov 2013 21:29:18 -0500
Brent Yorgey
Sat, 23 Nov 2013 21:28:38 -0500
Brent Yorgey
Sat, 23 Nov 2013 20:45:17 -0500
Brent Yorgey
Sat, 23 Nov 2013 18:27:46 -0500
Brent Yorgey
Sat, 23 Nov 2013 18:27:40 -0500
Brent Yorgey
Sat, 23 Nov 2013 13:12:02 -0500
Brent Yorgey
Fri, 22 Nov 2013 22:51:33 -0500
Brent Yorgey
Fri, 22 Nov 2013 22:51:16 -0500
Brent Yorgey
Fri, 22 Nov 2013 22:43:52 -0500
Brent Yorgey
Fri, 22 Nov 2013 22:18:21 -0500
Brent Yorgey
Fri, 22 Nov 2013 21:51:47 -0500
Brent Yorgey
Fri, 22 Nov 2013 21:15:31 -0500
Brent Yorgey
Fri, 22 Nov 2013 21:03:33 -0500
Brent Yorgey
Fri, 22 Nov 2013 19:40:07 -0500
Brent Yorgey
Fri, 22 Nov 2013 19:33:51 -0500
Brent Yorgey
Fri, 22 Nov 2013 16:45:21 -0500
Brent Yorgey
Fri, 22 Nov 2013 16:30:45 -0500
Brent Yorgey
Fri, 22 Nov 2013 16:13:58 -0500
Brent Yorgey
Fri, 22 Nov 2013 15:57:24 -0500
Brent Yorgey
Fri, 22 Nov 2013 15:54:56 -0500
Brent Yorgey
Fri, 22 Nov 2013 15:23:38 -0500
Brent Yorgey
Fri, 22 Nov 2013 15:17:37 -0500
Brent Yorgey
Fri, 22 Nov 2013 11:37:36 -0500
Brent Yorgey
Thu, 21 Nov 2013 18:01:30 -0500
Brent Yorgey
Thu, 21 Nov 2013 18:01:22 -0500
Brent Yorgey
Thu, 21 Nov 2013 17:32:39 -0500
Brent Yorgey
Thu, 21 Nov 2013 16:54:42 -0500
Brent Yorgey
Thu, 21 Nov 2013 16:31:36 -0500
Brent Yorgey
Thu, 21 Nov 2013 16:30:41 -0500
Brent Yorgey
Thu, 21 Nov 2013 15:52:33 -0500
Brent Yorgey
Thu, 21 Nov 2013 15:39:52 -0500
Brent Yorgey
Thu, 21 Nov 2013 15:35:19 -0500
Brent Yorgey
Thu, 21 Nov 2013 15:32:35 -0500
Brent Yorgey
Thu, 21 Nov 2013 14:51:46 -0500
Brent Yorgey
Thu, 21 Nov 2013 14:50:50 -0500
Brent Yorgey
Thu, 21 Nov 2013 06:36:11 -0500
Brent Yorgey
Wed, 20 Nov 2013 22:12:39 -0500
Brent Yorgey
Wed, 20 Nov 2013 22:12:30 -0500
Brent Yorgey
Wed, 20 Nov 2013 14:55:26 -0500
Brent Yorgey
Wed, 20 Nov 2013 14:49:05 -0500
Ryan Yates
Tue, 19 Nov 2013 18:12:23 -0500
Jeffrey Rosenbluth
Tue, 19 Nov 2013 17:58:44 -0500
Ryan Yates
Tue, 19 Nov 2013 16:01:43 -0500
Ryan Yates
Tue, 19 Nov 2013 16:01:14 -0500
Ryan Yates
Tue, 19 Nov 2013 15:02:31 -0500
Ryan Yates
Tue, 19 Nov 2013 14:22:05 -0500
Brent Yorgey
Tue, 19 Nov 2013 13:28:34 -0500
Brent Yorgey
Tue, 19 Nov 2013 13:13:03 -0500
Brent Yorgey
Tue, 19 Nov 2013 12:30:16 -0500
Brent Yorgey
Tue, 19 Nov 2013 11:40:08 -0500
Brent Yorgey
Tue, 19 Nov 2013 10:42:22 -0500
Brent Yorgey
Tue, 19 Nov 2013 09:10:20 -0500
Brent Yorgey
Mon, 18 Nov 2013 22:31:30 -0500
Brent Yorgey
Mon, 18 Nov 2013 22:24:52 -0500
Brent Yorgey
Mon, 18 Nov 2013 17:22:20 -0500
Brent Yorgey
Mon, 18 Nov 2013 16:40:29 -0500
Brent Yorgey
Mon, 18 Nov 2013 16:18:25 -0500
Brent Yorgey
Mon, 18 Nov 2013 13:17:27 -0500
Brent Yorgey
Mon, 18 Nov 2013 11:34:56 -0500
Ryan Yates
Sun, 17 Nov 2013 22:46:49 -0500
Ryan Yates
Sun, 17 Nov 2013 22:03:40 -0500
Brent Yorgey
Sun, 17 Nov 2013 07:18:23 -0800
Brent Yorgey
Sat, 16 Nov 2013 22:31:12 -0500
Brent Yorgey
Sat, 16 Nov 2013 22:30:53 -0500
Ryan Yates
Sat, 16 Nov 2013 22:11:00 -0500
Brent Yorgey
Sat, 16 Nov 2013 17:59:04 -0500
Daniel Bergey
Sat, 16 Nov 2013 12:17:27 -0800
Brent Yorgey
Fri, 15 Nov 2013 16:48:42 -0500
Brent Yorgey
Fri, 15 Nov 2013 16:48:28 -0500
Brent Yorgey
Fri, 15 Nov 2013 16:34:18 -0500
Brent Yorgey
Fri, 15 Nov 2013 16:13:24 -0500
Brent Yorgey
Fri, 15 Nov 2013 15:55:48 -0500
Brent Yorgey
Fri, 15 Nov 2013 14:26:26 -0500
Brent Yorgey
Fri, 15 Nov 2013 13:35:07 -0500
Brent Yorgey
Fri, 15 Nov 2013 11:57:08 -0500
Brent Yorgey
Fri, 15 Nov 2013 11:22:52 -0500
Jeffrey Rosenbluth
Fri, 15 Nov 2013 10:54:58 -0500
Ryan Yates
Fri, 15 Nov 2013 10:04:03 -0500
Brent Yorgey
Fri, 15 Nov 2013 09:47:01 -0500
Brent Yorgey
Fri, 15 Nov 2013 09:39:32 -0500
Brent Yorgey
Fri, 15 Nov 2013 09:39:16 -0500
Jeffrey Rosenbluth
Thu, 14 Nov 2013 22:11:09 -0500
Ryan Yates
Thu, 14 Nov 2013 21:54:43 -0500
Ryan Yates
Thu, 14 Nov 2013 17:25:29 -0500
Brent Yorgey
Thu, 14 Nov 2013 16:21:42 -0500
Brent Yorgey
Thu, 14 Nov 2013 15:57:44 -0500
Brent Yorgey
Thu, 14 Nov 2013 15:53:31 -0500
Brent Yorgey
Thu, 14 Nov 2013 14:02:02 -0500
Brent Yorgey
Thu, 14 Nov 2013 13:29:55 -0500
Brent Yorgey
Thu, 14 Nov 2013 08:25:16 -0500
Brent Yorgey
Thu, 14 Nov 2013 08:24:23 -0500
Daniel Bergey
Wed, 13 Nov 2013 20:12:02 -0800
Daniel Bergey
Thu, 14 Nov 2013 03:04:51 +0000
Brent Yorgey
Wed, 13 Nov 2013 16:14:38 -0500
Brent Yorgey
Sat, 9 Nov 2013 15:54:29 -0500
Brent Yorgey
Sat, 9 Nov 2013 15:23:24 -0500
Brent Yorgey
Sat, 9 Nov 2013 15:10:59 -0500
Jeffrey Rosenbluth
Sat, 9 Nov 2013 14:33:57 -0500
Brent Yorgey
Thu, 7 Nov 2013 07:26:28 -0500
Brent Yorgey
Tue, 5 Nov 2013 15:56:17 -0500
Brent Yorgey
Tue, 5 Nov 2013 15:56:07 -0500
Brent Yorgey
Sat, 2 Nov 2013 17:41:34 -0400
Brent Yorgey
Sat, 2 Nov 2013 16:54:09 -0400
Ryan Yates
Fri, 1 Nov 2013 22:07:07 -0400
Ryan Yates
Fri, 1 Nov 2013 21:23:32 -0400
Brent Yorgey
Thu, 31 Oct 2013 07:34:45 -0400
Brent Yorgey
Wed, 30 Oct 2013 21:46:45 -0400
Brent Yorgey
Tue, 29 Oct 2013 21:06:04 -0400
Ryan Yates
Tue, 29 Oct 2013 08:47:58 -0400
Ryan Yates
Tue, 29 Oct 2013 08:47:54 -0400
Brent Yorgey
Sat, 26 Oct 2013 13:54:51 -0400
Brent Yorgey
Sat, 26 Oct 2013 13:42:59 -0400
Brent Yorgey
Fri, 25 Oct 2013 16:47:59 -0400
Brent Yorgey
Fri, 25 Oct 2013 16:08:38 -0400
Brent Yorgey
Fri, 25 Oct 2013 15:32:19 -0400
Brent Yorgey
Fri, 25 Oct 2013 15:30:53 -0400
Brent Yorgey
Thu, 24 Oct 2013 10:07:05 -0700
Brent Yorgey
Thu, 24 Oct 2013 11:45:09 -0400
Brent Yorgey
Thu, 24 Oct 2013 11:44:48 -0400
Brent Yorgey
Mon, 21 Oct 2013 15:56:23 -0400
Brent Yorgey
Mon, 21 Oct 2013 15:19:27 -0400
Jeffrey Rosenbluth
Mon, 21 Oct 2013 08:51:48 -0400
Jeffrey Rosenbluth
Fri, 18 Oct 2013 11:53:20 -0400
Jeffrey Rosenbluth
Wed, 16 Oct 2013 17:54:50 -0400
Jeffrey Rosenbluth
Tue, 15 Oct 2013 12:43:03 -0400
Brent Yorgey
Tue, 15 Oct 2013 11:31:33 -0400
Jeffrey Rosenbluth
Mon, 14 Oct 2013 20:04:20 -0400
Brent Yorgey
Mon, 14 Oct 2013 09:00:32 -0400
Brent Yorgey
Sun, 13 Oct 2013 20:19:00 -0400
Brent Yorgey
Sun, 13 Oct 2013 20:12:11 -0400
Brent Yorgey
Sun, 13 Oct 2013 15:39:33 -0700
Daniel Bergey
Sun, 13 Oct 2013 21:40:35 +0000
Daniel Bergey
Sun, 13 Oct 2013 20:52:18 +0000
Daniel Bergey
Sun, 13 Oct 2013 20:33:09 +0000
Daniel Bergey
Thu, 3 Oct 2013 15:35:15 +0000
Daniel Bergey
Thu, 3 Oct 2013 13:38:32 +0000
Brent Yorgey
Sun, 29 Sep 2013 15:40:15 -0400
Brent Yorgey
Sun, 22 Sep 2013 08:20:39 -0400
Brent Yorgey
Sat, 21 Sep 2013 16:20:51 -0400
Jeffrey Rosenbluth
Fri, 20 Sep 2013 22:59:24 -0400
Jeffrey Rosenbluth
Wed, 18 Sep 2013 22:39:48 -0400
Jeffrey Rosenbluth
Wed, 18 Sep 2013 22:03:27 -0400
Jeffrey Rosenbluth
Wed, 18 Sep 2013 21:06:59 -0400
Brent Yorgey
Fri, 13 Sep 2013 22:04:50 -0400
Brent Yorgey
Wed, 11 Sep 2013 22:03:26 -0400
Brent Yorgey
Wed, 11 Sep 2013 21:35:48 -0400
Jeffrey Rosenbluth
Tue, 10 Sep 2013 10:05:26 -0400
Ryan Yates
Mon, 9 Sep 2013 21:57:41 -0400
Brent Yorgey
Mon, 9 Sep 2013 21:01:09 -0400
Brent Yorgey
Mon, 9 Sep 2013 21:00:53 -0400
Brent Yorgey
Mon, 9 Sep 2013 20:39:27 -0400
Jeffrey Rosenbluth
Sun, 8 Sep 2013 22:01:33 -0400
Jeffrey Rosenbluth
Sun, 8 Sep 2013 21:39:08 -0400
Brent Yorgey
Sun, 8 Sep 2013 20:52:49 -0400
Brent Yorgey
Sun, 8 Sep 2013 16:42:14 -0400
Brent Yorgey
Sun, 8 Sep 2013 16:33:15 -0400
Brent Yorgey
Sun, 8 Sep 2013 16:19:53 -0400
Brent Yorgey
Sun, 8 Sep 2013 16:12:36 -0400
Brent Yorgey
Sun, 8 Sep 2013 16:03:01 -0400
Brent Yorgey
Wed, 4 Sep 2013 21:00:25 -0400
Brent Yorgey
Wed, 4 Sep 2013 21:00:14 -0400
Brent Yorgey
Wed, 4 Sep 2013 20:46:01 -0400
Brent Yorgey
Wed, 4 Sep 2013 20:25:46 -0400
Brent Yorgey
Wed, 4 Sep 2013 20:18:39 -0400
Brent Yorgey
Wed, 4 Sep 2013 16:02:09 -0400
Brent Yorgey
Wed, 4 Sep 2013 13:57:53 -0400
Brent Yorgey
Wed, 4 Sep 2013 13:56:42 -0400
Brent Yorgey
Tue, 3 Sep 2013 17:48:24 -0400
Brent Yorgey
Tue, 3 Sep 2013 17:48:07 -0400
Brent Yorgey
Tue, 3 Sep 2013 16:55:50 -0400
Brent Yorgey
Tue, 3 Sep 2013 14:01:55 -0400
Brent Yorgey
Sun, 1 Sep 2013 21:14:00 -0400
Jeffrey Rosenbluth
Sun, 1 Sep 2013 20:31:57 -0400
Jeffrey Rosenbluth
Sun, 1 Sep 2013 10:00:26 -0400
Brent Yorgey
Sun, 1 Sep 2013 07:41:22 -0400
Brent Yorgey
Sat, 31 Aug 2013 22:06:55 -0400
Brent Yorgey
Sat, 31 Aug 2013 20:16:33 -0400
Brent Yorgey
Sat, 31 Aug 2013 14:19:04 -0400
Brent Yorgey
Sat, 31 Aug 2013 13:13:11 -0400
Brent Yorgey
Sat, 31 Aug 2013 13:10:53 -0400
Brent Yorgey
Fri, 30 Aug 2013 11:38:26 -0400
Brent Yorgey
Fri, 30 Aug 2013 11:36:00 -0400
Brent Yorgey
Wed, 28 Aug 2013 22:12:43 -0400
Brent Yorgey
Wed, 28 Aug 2013 22:08:41 -0400
Brent Yorgey
Wed, 28 Aug 2013 21:26:38 -0400
Brent Yorgey
Wed, 28 Aug 2013 21:26:18 -0400
Brent Yorgey
Wed, 28 Aug 2013 21:26:03 -0400
Brent Yorgey
Mon, 26 Aug 2013 12:36:42 -0400
Brent Yorgey
Sat, 24 Aug 2013 22:03:59 -0400
Brent Yorgey
Fri, 23 Aug 2013 21:27:56 -0400
Brent Yorgey
Thu, 22 Aug 2013 16:24:30 -0400
Brent Yorgey
Thu, 22 Aug 2013 16:23:54 -0400
Brent Yorgey
Thu, 22 Aug 2013 03:48:03 -0700
Daniel Kröni
Thu, 22 Aug 2013 12:32:59 +0200
Brent Yorgey
Wed, 21 Aug 2013 15:02:48 -0400
Brent Yorgey
Wed, 21 Aug 2013 15:01:13 -0400
Brent Yorgey
Wed, 21 Aug 2013 15:01:03 -0400
Brent Yorgey
Wed, 21 Aug 2013 14:29:29 -0400
Brent Yorgey
Tue, 20 Aug 2013 21:55:45 -0400
Brent Yorgey
Tue, 20 Aug 2013 11:40:35 -0400
Brent Yorgey
Tue, 20 Aug 2013 11:37:58 -0400
Brent Yorgey
Tue, 20 Aug 2013 11:24:50 -0400
Brent Yorgey
Tue, 20 Aug 2013 11:24:01 -0400
Brent Yorgey
Tue, 20 Aug 2013 11:06:23 -0400
Brent Yorgey
Mon, 19 Aug 2013 08:32:24 -0400
Brent Yorgey
Sun, 18 Aug 2013 22:05:36 -0400
Brent Yorgey
Sun, 18 Aug 2013 21:47:11 -0400
Brent Yorgey
Sun, 18 Aug 2013 21:46:58 -0400
Brent Yorgey
Sun, 18 Aug 2013 21:46:47 -0400
Brent Yorgey
Sun, 18 Aug 2013 21:38:26 -0400
Brent Yorgey
Sun, 18 Aug 2013 08:34:36 -0400
Brent Yorgey
Sat, 17 Aug 2013 22:23:28 -0400
Brent Yorgey
Sat, 17 Aug 2013 22:11:09 -0400
Brent Yorgey
Thu, 15 Aug 2013 22:04:40 -0400
Brent Yorgey
Wed, 14 Aug 2013 14:58:34 -0400
Brent Yorgey
Wed, 14 Aug 2013 12:10:58 -0400
Brent Yorgey
Wed, 14 Aug 2013 11:31:02 -0400
Brent Yorgey
Wed, 14 Aug 2013 11:14:38 -0400
Brent Yorgey
Wed, 14 Aug 2013 11:14:33 -0400
Brent Yorgey
Wed, 14 Aug 2013 09:41:18 -0400
Brent Yorgey
Wed, 14 Aug 2013 09:41:02 -0400
Brent Yorgey
Tue, 13 Aug 2013 17:45:23 -0400
Brent Yorgey
Sat, 10 Aug 2013 00:03:48 -0400
Brent Yorgey
Fri, 9 Aug 2013 23:55:36 -0400
Brent Yorgey
Fri, 9 Aug 2013 23:55:12 -0400
Brent Yorgey
Fri, 9 Aug 2013 23:54:49 -0400
Brent Yorgey
Fri, 9 Aug 2013 23:30:23 -0400
Brent Yorgey
Fri, 9 Aug 2013 23:19:04 -0400
Brent Yorgey
Fri, 9 Aug 2013 23:17:33 -0400
Brent Yorgey
Fri, 9 Aug 2013 11:20:33 -0400
Brent Yorgey
Fri, 9 Aug 2013 11:18:37 -0400
Brent Yorgey
Fri, 9 Aug 2013 10:55:05 -0400
Brent Yorgey
Fri, 9 Aug 2013 10:54:42 -0400
Brent Yorgey
Fri, 9 Aug 2013 10:54:28 -0400
Brent Yorgey
Fri, 9 Aug 2013 10:54:16 -0400
Brent Yorgey
Fri, 9 Aug 2013 10:54:00 -0400
Brent Yorgey
Fri, 9 Aug 2013 10:02:48 -0400
Brent Yorgey
Fri, 9 Aug 2013 10:00:24 -0400
Brent Yorgey
Fri, 9 Aug 2013 09:41:19 -0400
Brent Yorgey
Fri, 9 Aug 2013 09:41:04 -0400
Chris Mears
Fri, 9 Aug 2013 15:59:05 +1000
Brent Yorgey
Thu, 8 Aug 2013 21:57:04 -0400
Brent Yorgey
Thu, 8 Aug 2013 21:42:36 -0400
Brent Yorgey
Thu, 8 Aug 2013 21:36:31 -0400
Brent Yorgey
Tue, 6 Aug 2013 16:34:26 -0400
Brent Yorgey
Tue, 6 Aug 2013 16:32:54 -0400
Brent Yorgey
Tue, 6 Aug 2013 16:04:35 -0400
Brent Yorgey
Tue, 6 Aug 2013 14:49:32 -0400
Brent Yorgey
Tue, 6 Aug 2013 14:49:24 -0400
Brent Yorgey
Mon, 5 Aug 2013 21:09:36 -0400
Brent Yorgey
Mon, 5 Aug 2013 20:56:34 -0400
Brent Yorgey
Sun, 4 Aug 2013 22:07:20 -0400
Brent Yorgey
Sun, 4 Aug 2013 22:07:12 -0400
Brent Yorgey
Sun, 4 Aug 2013 19:35:08 -0400
Brent Yorgey
Sun, 4 Aug 2013 16:07:51 -0400
Brent Yorgey
Sun, 4 Aug 2013 16:00:45 -0400
Brent Yorgey
Sun, 4 Aug 2013 16:00:30 -0400
Brent Yorgey
Sun, 4 Aug 2013 15:45:32 -0400
Brent Yorgey
Sat, 3 Aug 2013 22:00:57 -0400
Brent Yorgey
Sat, 3 Aug 2013 22:00:48 -0400
Brent Yorgey
Sat, 3 Aug 2013 16:36:35 -0400
Brent Yorgey
Sat, 3 Aug 2013 16:06:27 -0400
Brent Yorgey
Sat, 3 Aug 2013 16:00:38 -0400
Brent Yorgey
Sat, 3 Aug 2013 14:16:55 -0400
Brent Yorgey
Sat, 3 Aug 2013 10:27:01 -0400
Brent Yorgey
Sat, 3 Aug 2013 01:55:44 -0400
Brent Yorgey
Sat, 3 Aug 2013 01:37:48 -0400
Brent Yorgey
Sat, 3 Aug 2013 01:36:20 -0400
Brent Yorgey
Sat, 3 Aug 2013 01:27:46 -0400
Brent Yorgey
Sat, 3 Aug 2013 01:23:11 -0400
Brent Yorgey
Sat, 3 Aug 2013 01:21:10 -0400
Brent Yorgey
Fri, 2 Aug 2013 22:01:29 -0400
Brent Yorgey
Fri, 2 Aug 2013 21:56:12 -0400
Brent Yorgey
Fri, 2 Aug 2013 21:55:52 -0400
Brent Yorgey
Fri, 2 Aug 2013 21:55:30 -0400
Brent Yorgey
Fri, 2 Aug 2013 20:49:15 -0400
Brent Yorgey
Fri, 2 Aug 2013 20:48:57 -0400
Brent Yorgey
Fri, 2 Aug 2013 20:48:16 -0400
Brent Yorgey
Fri, 2 Aug 2013 20:05:19 -0400
Brent Yorgey
Fri, 2 Aug 2013 18:11:03 -0400
Brent Yorgey
Fri, 2 Aug 2013 18:10:04 -0400
Brent Yorgey
Fri, 2 Aug 2013 16:27:39 -0400
Brent Yorgey
Fri, 2 Aug 2013 16:22:47 -0400
Brent Yorgey
Fri, 2 Aug 2013 15:53:36 -0400
Brent Yorgey
Fri, 2 Aug 2013 15:26:19 -0400
Brent Yorgey
Fri, 2 Aug 2013 15:26:04 -0400
Brent Yorgey
Thu, 1 Aug 2013 19:48:49 -0400
Brent Yorgey
Thu, 1 Aug 2013 19:48:22 -0400
Brent Yorgey
Thu, 1 Aug 2013 15:33:08 -0400
Brent Yorgey
Thu, 1 Aug 2013 15:32:57 -0400
Jeffrey Rosenbluth
Thu, 1 Aug 2013 13:20:35 -0400
Jeffrey Rosenbluth
Thu, 1 Aug 2013 13:16:11 -0400
Brent Yorgey
Thu, 1 Aug 2013 12:59:22 -0400
Brent Yorgey
Wed, 31 Jul 2013 21:04:33 -0400
Brent Yorgey
Wed, 31 Jul 2013 21:03:00 -0400
Brent Yorgey
Wed, 31 Jul 2013 21:02:48 -0400
Brent Yorgey
Wed, 31 Jul 2013 18:34:04 -0400
Brent Yorgey
Wed, 31 Jul 2013 18:26:23 -0400
Brent Yorgey
Tue, 30 Jul 2013 16:47:54 -0400
Brent Yorgey
Tue, 30 Jul 2013 16:38:25 -0400
Brent Yorgey
Tue, 30 Jul 2013 16:36:13 -0400
Brent Yorgey
Tue, 30 Jul 2013 16:29:54 -0400
Brent Yorgey
Tue, 30 Jul 2013 15:51:29 -0400
Brent Yorgey
Tue, 30 Jul 2013 15:51:09 -0400
Brent Yorgey
Tue, 30 Jul 2013 15:35:59 -0400
Brent Yorgey
Tue, 30 Jul 2013 14:36:00 -0400
Brent Yorgey
Tue, 30 Jul 2013 14:35:42 -0400
Brent Yorgey
Mon, 29 Jul 2013 17:52:31 -0400
Brent Yorgey
Mon, 29 Jul 2013 13:02:35 -0400
Brent Yorgey
Mon, 29 Jul 2013 12:41:18 -0400
Brent Yorgey
Mon, 29 Jul 2013 12:19:13 -0400
Brent Yorgey
Mon, 29 Jul 2013 12:18:55 -0400
Brent Yorgey
Wed, 17 Jul 2013 21:32:22 -0400
Brent Yorgey
Sat, 13 Jul 2013 18:53:33 -0400
Brent Yorgey
Sat, 13 Jul 2013 18:52:59 -0400
Ryan Yates
Fri, 12 Jul 2013 16:29:49 -0700
Gabor Greif
Sat, 13 Jul 2013 00:08:11 +0200
Gabor Greif
Fri, 12 Jul 2013 23:50:48 +0200
Gabor Greif
Fri, 12 Jul 2013 22:37:49 +0200
Gabor Greif
Fri, 12 Jul 2013 21:35:51 +0200
Brent Yorgey
Thu, 13 Jun 2013 20:20:49 -0400
Brent Yorgey
Tue, 14 May 2013 15:19:03 -0400
Brent Yorgey
Tue, 14 May 2013 14:51:09 -0400
Brent Yorgey
Tue, 14 May 2013 14:50:39 -0400
Brent Yorgey
Thu, 2 May 2013 14:21:45 -0400
Brent Yorgey
Thu, 2 May 2013 14:01:17 -0400
Brent Yorgey
Tue, 30 Apr 2013 16:47:05 -0400
Brent Yorgey
Sun, 28 Apr 2013 21:59:53 -0400
Brent Yorgey
Fri, 26 Apr 2013 16:10:02 -0400
Brent Yorgey
Fri, 26 Apr 2013 16:02:08 -0400
Brent Yorgey
Thu, 25 Apr 2013 10:07:21 -0400
Brent Yorgey
Fri, 22 Mar 2013 08:30:02 -0400
Brent Yorgey
Sat, 9 Mar 2013 15:05:24 -0500
Brent Yorgey
Wed, 20 Feb 2013 14:44:18 -0500
Brent Yorgey
Wed, 20 Feb 2013 14:44:05 -0500
Brent Yorgey
Wed, 20 Feb 2013 14:43:08 -0500
Brent Yorgey
Tue, 19 Feb 2013 16:54:29 -0500
Brent Yorgey
Tue, 19 Feb 2013 14:43:35 -0500
Brent Yorgey
Mon, 18 Feb 2013 01:23:32 -0500
Brent Yorgey
Mon, 18 Feb 2013 01:01:24 -0500
Brent Yorgey
Mon, 18 Feb 2013 01:01:01 -0500
Brent Yorgey
Mon, 18 Feb 2013 00:47:13 -0500
Brent Yorgey
Mon, 18 Feb 2013 00:21:18 -0500
Brent Yorgey
Sun, 17 Feb 2013 22:36:11 -0500
Brent Yorgey
Sun, 17 Feb 2013 22:30:49 -0500
Brent Yorgey
Sat, 16 Feb 2013 21:01:35 -0500
Brent Yorgey
Sat, 16 Feb 2013 18:00:00 -0800
Daniel Bergey
Sat, 16 Feb 2013 17:51:27 -0500
Daniel Bergey
Fri, 15 Feb 2013 15:24:00 -0500
Daniel Bergey
Fri, 15 Feb 2013 14:59:09 -0500
Daniel Bergey
Fri, 15 Feb 2013 14:57:38 -0500
Daniel Bergey
Fri, 15 Feb 2013 10:39:33 -0500
Brent Yorgey
Fri, 15 Feb 2013 14:08:15 -0500
Brent Yorgey
Fri, 15 Feb 2013 14:08:01 -0500
Daniel Bergey
Fri, 15 Feb 2013 00:04:04 -0500
Brent Yorgey
Mon, 11 Feb 2013 20:42:05 -0500
Brent Yorgey
Mon, 14 Jan 2013 17:16:43 -0500
Brent Yorgey
Mon, 14 Jan 2013 17:16:22 -0500
Brent Yorgey
Sat, 29 Dec 2012 21:02:58 -0500
Brent Yorgey
Sat, 29 Dec 2012 01:33:31 -0500
Brent Yorgey
Sat, 29 Dec 2012 01:22:34 -0500
Brent Yorgey
Thu, 27 Dec 2012 13:53:09 -0500
Brent Yorgey
Thu, 27 Dec 2012 13:44:56 -0500
Brent Yorgey
Thu, 27 Dec 2012 13:43:06 -0500
Brent Yorgey
Thu, 20 Dec 2012 11:34:53 -0500
Brent Yorgey
Tue, 18 Dec 2012 14:24:13 -0500
Brent Yorgey
Mon, 17 Dec 2012 13:24:51 -0500
Brent Yorgey
Mon, 17 Dec 2012 13:08:21 -0500
Brent Yorgey
Mon, 17 Dec 2012 10:05:55 -0800
Joachim Breitner
Sun, 16 Dec 2012 22:54:27 +0100
Brent Yorgey
Thu, 13 Dec 2012 10:03:42 -0500
Brent Yorgey
Wed, 12 Dec 2012 16:55:25 -0500
Brent Yorgey
Wed, 12 Dec 2012 16:10:27 -0500
Brent Yorgey
Wed, 12 Dec 2012 10:22:04 -0500
Brent Yorgey
Wed, 12 Dec 2012 01:17:56 -0500
Brent Yorgey
Tue, 11 Dec 2012 22:00:45 -0500
Brent Yorgey
Tue, 11 Dec 2012 22:00:32 -0500
Brent Yorgey
Tue, 11 Dec 2012 21:26:14 -0500
Brent Yorgey
Tue, 11 Dec 2012 21:14:37 -0500
Brent Yorgey
Tue, 11 Dec 2012 21:06:21 -0500
Brent Yorgey
Tue, 11 Dec 2012 21:05:48 -0500
Brent Yorgey
Tue, 11 Dec 2012 21:05:07 -0500
Brent Yorgey
Tue, 11 Dec 2012 20:37:38 -0500
Brent Yorgey
Tue, 11 Dec 2012 17:48:59 -0500
Brent Yorgey
Tue, 11 Dec 2012 17:48:33 -0500
Brent Yorgey
Tue, 11 Dec 2012 17:34:13 -0500
Brent Yorgey
Tue, 11 Dec 2012 17:18:56 -0500
Brent Yorgey
Tue, 11 Dec 2012 16:55:26 -0500
Brent Yorgey
Tue, 11 Dec 2012 14:19:45 -0500
Brent Yorgey
Tue, 11 Dec 2012 14:18:19 -0500
Brent Yorgey
Tue, 11 Dec 2012 13:19:54 -0500
Brent Yorgey
Tue, 11 Dec 2012 12:08:22 -0500
Brent Yorgey
Tue, 11 Dec 2012 11:36:35 -0500
Brent Yorgey
Tue, 11 Dec 2012 09:06:26 -0500
Brent Yorgey
Mon, 10 Dec 2012 22:18:02 -0500
Brent Yorgey
Mon, 10 Dec 2012 17:51:11 -0500
Brent Yorgey
Mon, 10 Dec 2012 17:50:37 -0500
Brent Yorgey
Mon, 10 Dec 2012 17:49:59 -0500
Brent Yorgey
Mon, 10 Dec 2012 09:38:58 -0500
Brent Yorgey
Mon, 10 Dec 2012 09:38:35 -0500
Brent Yorgey
Mon, 3 Dec 2012 13:07:33 -0500
Brent Yorgey
Fri, 30 Nov 2012 22:09:43 -0500
Brent Yorgey
Mon, 26 Nov 2012 09:42:51 -0500
Brent Yorgey
Mon, 26 Nov 2012 09:42:11 -0500
Brent Yorgey
Mon, 26 Nov 2012 09:41:39 -0500
Brent Yorgey
Sun, 25 Nov 2012 19:40:47 -0500
Brent Yorgey
Tue, 20 Nov 2012 14:33:23 -0500
Brent Yorgey
Tue, 20 Nov 2012 14:32:44 -0500
Brent Yorgey
Tue, 13 Nov 2012 22:50:34 -0500
Brent Yorgey
Tue, 13 Nov 2012 22:49:08 -0500
Brent Yorgey
Tue, 13 Nov 2012 22:34:55 -0500
Brent Yorgey
Tue, 13 Nov 2012 22:34:32 -0500
Brent Yorgey
Tue, 13 Nov 2012 22:14:15 -0500
Brent Yorgey
Tue, 13 Nov 2012 05:42:48 -0500
Brent Yorgey
Sun, 11 Nov 2012 11:02:40 -0500
Brent Yorgey
Wed, 7 Nov 2012 15:49:49 -0500
Brent Yorgey
Wed, 7 Nov 2012 15:49:15 -0500
Brent Yorgey
Wed, 7 Nov 2012 15:08:25 -0500
Brent Yorgey
Mon, 5 Nov 2012 22:14:13 -0500
Brent Yorgey
Mon, 5 Nov 2012 22:12:39 -0500
Brent Yorgey
Mon, 5 Nov 2012 22:10:02 -0500
Brent Yorgey
Mon, 5 Nov 2012 21:44:48 -0500
Brent Yorgey
Mon, 5 Nov 2012 21:43:44 -0500
Brent Yorgey
Mon, 5 Nov 2012 19:59:40 -0500
Brent Yorgey
Mon, 5 Nov 2012 19:57:27 -0500
Brent Yorgey
Fri, 2 Nov 2012 12:08:32 -0400
Brent Yorgey
Thu, 1 Nov 2012 13:54:50 -0400
Brent Yorgey
Thu, 1 Nov 2012 11:15:20 -0400
Brent Yorgey
Mon, 22 Oct 2012 12:01:43 -0400
Brent Yorgey
Mon, 22 Oct 2012 10:32:24 -0400
Brent Yorgey
Mon, 22 Oct 2012 10:31:42 -0400
Brent Yorgey
Mon, 22 Oct 2012 10:12:13 -0400
Ryan Yates
Sun, 21 Oct 2012 18:13:32 -0700
Brent Yorgey
Thu, 18 Oct 2012 14:30:38 -0400
Brent Yorgey
Tue, 16 Oct 2012 11:12:44 -0400
Brent Yorgey
Mon, 15 Oct 2012 23:05:01 -0400
Brent Yorgey
Mon, 15 Oct 2012 23:04:34 -0400
Brent Yorgey
Mon, 15 Oct 2012 21:29:53 -0400
Brent Yorgey
Mon, 15 Oct 2012 21:08:25 -0400
Brent Yorgey
Tue, 2 Oct 2012 16:41:22 -0400
Brent Yorgey
Tue, 2 Oct 2012 10:26:59 -0400
Brent Yorgey
Tue, 2 Oct 2012 08:43:09 -0400
Brent Yorgey
Tue, 2 Oct 2012 08:41:30 -0400
Brent Yorgey
Mon, 1 Oct 2012 22:45:32 -0400
Brent Yorgey
Mon, 1 Oct 2012 17:49:43 -0400
Brent Yorgey
Mon, 1 Oct 2012 10:18:06 -0400
Brent Yorgey
Fri, 28 Sep 2012 17:48:23 -0400
Brent Yorgey
Fri, 28 Sep 2012 16:06:47 -0400
Brent Yorgey
Fri, 28 Sep 2012 14:51:23 -0400
Brent Yorgey
Fri, 28 Sep 2012 12:03:43 -0400
Brent Yorgey
Thu, 27 Sep 2012 17:48:28 -0400
Brent Yorgey
Thu, 27 Sep 2012 17:47:33 -0400
Brent Yorgey
Thu, 27 Sep 2012 09:04:07 -0400
Brent Yorgey
Wed, 26 Sep 2012 19:07:13 -0400
Brent Yorgey
Wed, 26 Sep 2012 18:31:47 -0400
Brent Yorgey
Wed, 26 Sep 2012 18:31:27 -0400
Brent Yorgey
Wed, 26 Sep 2012 13:43:36 -0400
Brent Yorgey
Wed, 26 Sep 2012 13:08:19 -0400
Brent Yorgey
Wed, 26 Sep 2012 10:53:36 -0400
Brent Yorgey
Wed, 26 Sep 2012 10:53:06 -0400
Brent Yorgey
Wed, 26 Sep 2012 03:51:05 -0700
Chris Mears
Wed, 26 Sep 2012 16:03:50 +1000
Brent Yorgey
Tue, 25 Sep 2012 08:53:50 -0400
Brent Yorgey
Tue, 25 Sep 2012 08:01:47 -0400
Brent Yorgey
Mon, 24 Sep 2012 09:01:20 -0400
Brent Yorgey
Fri, 21 Sep 2012 14:53:50 -0400
Brent Yorgey
Mon, 24 Sep 2012 08:15:47 -0400
Brent Yorgey
Mon, 24 Sep 2012 07:01:19 -0400
Brent Yorgey
Mon, 24 Sep 2012 06:38:42 -0400
Brent Yorgey
Sun, 23 Sep 2012 22:33:17 -0400
Brent Yorgey
Sun, 23 Sep 2012 22:13:42 -0400
Brent Yorgey
Sun, 23 Sep 2012 22:02:26 -0400
Brent Yorgey
Sun, 23 Sep 2012 21:52:24 -0400
Brent Yorgey
Wed, 19 Sep 2012 16:57:55 -0400
Brent Yorgey
Sun, 16 Sep 2012 15:44:47 -0400
Brent Yorgey
Sun, 16 Sep 2012 15:44:06 -0400
Brent Yorgey
Sun, 16 Sep 2012 15:42:50 -0400
Brent Yorgey
Sun, 16 Sep 2012 15:37:29 -0400
Brent Yorgey
Wed, 12 Sep 2012 22:58:28 +0200
Brent Yorgey
Wed, 12 Sep 2012 22:57:06 +0200
Brent Yorgey
Sun, 2 Sep 2012 21:49:05 -0400
Brent Yorgey
Sun, 2 Sep 2012 21:47:48 -0400
Brent Yorgey
Mon, 27 Aug 2012 09:50:03 -0400
Brent Yorgey
Sat, 4 Aug 2012 22:42:18 -0400
Brent Yorgey
Fri, 3 Aug 2012 17:35:24 -0700
MerelyAPseudonym
Fri, 3 Aug 2012 21:26:04 -0300
Brent Yorgey
Thu, 2 Aug 2012 11:49:22 -0400
Brent Yorgey
Thu, 2 Aug 2012 10:52:30 -0400
Brent Yorgey
Thu, 26 Jul 2012 16:56:49 -0400
Brent Yorgey
Sun, 22 Jul 2012 12:45:47 +0000
Brent Yorgey
Sat, 21 Jul 2012 21:01:45 +0000
Brent Yorgey
Mon, 16 Jul 2012 02:35:12 +0000
Brent Yorgey
Mon, 16 Jul 2012 01:57:29 +0000
Brent Yorgey
Mon, 16 Jul 2012 01:57:13 +0000
Brent Yorgey
Sat, 14 Jul 2012 21:48:57 +0000
Brent Yorgey
Thu, 12 Jul 2012 15:41:28 +0000
Brent Yorgey
Sat, 30 Jun 2012 19:58:24 +0000
Brent Yorgey
Thu, 28 Jun 2012 21:09:46 +0000
Brent Yorgey
Thu, 24 May 2012 21:47:19 +0000
Brent Yorgey
Thu, 17 May 2012 15:29:35 +0000
Brent Yorgey
Thu, 17 May 2012 15:28:56 +0000
Brent Yorgey
Mon, 30 Apr 2012 16:11:52 +0000
Brent Yorgey
Mon, 30 Apr 2012 14:45:49 +0000
Brent Yorgey
Wed, 11 Apr 2012 19:45:37 +0000
Brent Yorgey
Tue, 24 Apr 2012 16:53:02 +0000
Brent Yorgey
Wed, 11 Apr 2012 19:45:15 +0000
Brent Yorgey
Tue, 3 Apr 2012 18:54:27 +0000
Brent Yorgey
Sun, 20 May 2012 17:22:13 +0000
Brent Yorgey
Sun, 20 May 2012 17:04:16 +0000
Brent Yorgey
Sun, 18 Mar 2012 18:04:41 +0000
Brent Yorgey
Sun, 18 Mar 2012 18:01:34 +0000
Brent Yorgey
Sun, 18 Mar 2012 17:38:57 +0000
Brent Yorgey
Sun, 18 Mar 2012 17:27:42 +0000
Bartosz Nitka
Sun, 18 Mar 2012 02:44:35 +0000
Brent Yorgey
Sat, 17 Mar 2012 22:31:49 +0000
Brent Yorgey
Wed, 14 Mar 2012 22:33:34 +0000
Brent Yorgey
Wed, 14 Mar 2012 22:33:18 +0000
Brent Yorgey
Wed, 14 Mar 2012 22:32:49 +0000
Brent Yorgey
Wed, 14 Mar 2012 04:33:24 +0000
Brent Yorgey
Wed, 14 Mar 2012 03:24:46 +0000
Brent Yorgey
Tue, 13 Mar 2012 01:24:04 +0000
Brent Yorgey
Tue, 13 Mar 2012 01:23:39 +0000
Brent Yorgey
Mon, 12 Mar 2012 01:46:28 +0000
Brent Yorgey
Sun, 11 Mar 2012 19:15:15 +0000
Brent Yorgey
Sun, 11 Mar 2012 19:14:55 +0000
Brent Yorgey
Sun, 11 Mar 2012 19:14:03 +0000
Brent Yorgey
Sun, 11 Mar 2012 19:13:44 +0000
Brent Yorgey
Sat, 10 Mar 2012 22:26:50 +0000
Brent Yorgey
Sat, 10 Mar 2012 22:12:26 +0000
Brent Yorgey
Sat, 10 Mar 2012 20:40:08 +0000
Brent Yorgey
Sat, 10 Mar 2012 19:22:49 +0000
Brent Yorgey
Fri, 9 Mar 2012 18:51:57 +0000
Brent Yorgey
Sat, 10 Mar 2012 03:46:33 +0000
Brent Yorgey
Fri, 9 Mar 2012 03:57:09 +0000
Brent Yorgey
Thu, 8 Mar 2012 21:18:25 +0000
Brent Yorgey
Thu, 8 Mar 2012 19:41:16 +0000
Brent Yorgey
Thu, 8 Mar 2012 19:41:05 +0000
Brent Yorgey
Thu, 8 Mar 2012 19:40:59 +0000
Brent Yorgey
Thu, 8 Mar 2012 19:40:36 +0000
Brent Yorgey
Wed, 7 Mar 2012 03:10:52 +0000
Brent Yorgey
Wed, 7 Mar 2012 02:50:01 +0000
Brent Yorgey
Tue, 6 Mar 2012 21:03:34 +0000
Brent Yorgey
Tue, 6 Mar 2012 21:02:27 +0000
Brent Yorgey
Tue, 6 Mar 2012 21:02:13 +0000
Brent Yorgey
Tue, 6 Mar 2012 03:36:24 +0000
Brent Yorgey
Tue, 6 Mar 2012 03:36:07 +0000
Brent Yorgey
Tue, 6 Mar 2012 01:38:37 +0000
Brent Yorgey
Tue, 6 Mar 2012 00:54:05 +0000
Brent Yorgey
Tue, 6 Mar 2012 00:29:29 +0000
Brent Yorgey
Tue, 6 Mar 2012 00:29:12 +0000
Brent Yorgey
Mon, 5 Mar 2012 21:50:26 +0000
Brent Yorgey
Mon, 5 Mar 2012 21:49:33 +0000
Brent Yorgey
Mon, 5 Mar 2012 03:19:55 +0000
Brent Yorgey
Sun, 4 Mar 2012 04:24:09 +0000
Brent Yorgey
Sat, 3 Mar 2012 02:52:45 +0000
Brent Yorgey
Sat, 3 Mar 2012 02:29:00 +0000
Brent Yorgey
Sat, 3 Mar 2012 02:12:32 +0000
Brent Yorgey
Sat, 3 Mar 2012 02:08:16 +0000
Brent Yorgey
Sat, 3 Mar 2012 01:56:23 +0000
Brent Yorgey
Sat, 3 Mar 2012 01:55:13 +0000
Brent Yorgey
Sat, 3 Mar 2012 01:54:51 +0000
Brent Yorgey
Fri, 2 Mar 2012 21:30:00 +0000
Brent Yorgey
Fri, 2 Mar 2012 21:23:06 +0000
Brent Yorgey
Fri, 2 Mar 2012 21:22:55 +0000
Brent Yorgey
Mon, 27 Feb 2012 07:41:58 +0000
Brent Yorgey
Mon, 27 Feb 2012 04:41:16 +0000
Brent Yorgey
Mon, 27 Feb 2012 03:55:11 +0000
Brent Yorgey
Mon, 27 Feb 2012 02:34:17 +0000
Brent Yorgey
Mon, 27 Feb 2012 00:29:52 +0000
Brent Yorgey
Sun, 26 Feb 2012 19:48:10 +0000
Brent Yorgey
Sun, 26 Feb 2012 19:23:27 +0000
Brent Yorgey
Sun, 26 Feb 2012 19:22:49 +0000
Brent Yorgey
Sun, 26 Feb 2012 03:45:38 +0000
Brent Yorgey
Sun, 26 Feb 2012 03:45:23 +0000
Brent Yorgey
Sun, 26 Feb 2012 02:49:44 +0000
Brent Yorgey
Sun, 26 Feb 2012 02:49:10 +0000
Brent Yorgey
Sun, 26 Feb 2012 01:41:06 +0000
Brent Yorgey
Sun, 26 Feb 2012 01:29:40 +0000
Brent Yorgey
Sun, 26 Feb 2012 01:28:57 +0000
Brent Yorgey
Sun, 26 Feb 2012 01:28:31 +0000
Brent Yorgey
Sun, 26 Feb 2012 00:29:25 +0000
Brent Yorgey
Sun, 26 Feb 2012 00:29:14 +0000
Brent Yorgey
Sun, 26 Feb 2012 00:28:01 +0000
Brent Yorgey
Sun, 26 Feb 2012 00:27:32 +0000
Brent Yorgey
Fri, 24 Feb 2012 04:06:40 +0000
Brent Yorgey
Fri, 24 Feb 2012 04:03:39 +0000
Brent Yorgey
Tue, 21 Feb 2012 18:19:38 +0000
Brent Yorgey
Tue, 14 Feb 2012 19:32:25 +0000
Brent Yorgey
Tue, 21 Feb 2012 12:52:58 +0000
Brent Yorgey
Tue, 21 Feb 2012 12:52:44 +0000
Brent Yorgey
Tue, 21 Feb 2012 12:52:20 +0000
Brent Yorgey
Sat, 18 Feb 2012 15:59:33 +0000
Brent Yorgey
Mon, 13 Feb 2012 08:55:50 +0000
Brent Yorgey
Mon, 13 Feb 2012 08:50:11 +0000
Brent Yorgey
Mon, 13 Feb 2012 08:49:53 +0000
Brent Yorgey
Mon, 13 Feb 2012 03:31:53 +0000
Brent Yorgey
Mon, 13 Feb 2012 02:56:47 +0000
Brent Yorgey
Mon, 13 Feb 2012 02:55:53 +0000
Brent Yorgey
Mon, 13 Feb 2012 02:03:10 +0000
Brent Yorgey
Mon, 13 Feb 2012 02:02:23 +0000
Brent Yorgey
Mon, 13 Feb 2012 02:01:04 +0000
Brent Yorgey
Sat, 11 Feb 2012 22:41:09 +0000
Brent Yorgey
Sat, 11 Feb 2012 22:40:33 +0000
Brent Yorgey
Sat, 11 Feb 2012 19:11:51 +0000
Brent Yorgey
Sat, 11 Feb 2012 19:11:16 +0000
Brent Yorgey
Sat, 11 Feb 2012 19:10:38 +0000
Brent Yorgey
Wed, 8 Feb 2012 15:13:57 +0000
Brent Yorgey
Tue, 7 Feb 2012 17:09:05 +0000
Brent Yorgey
Tue, 7 Feb 2012 16:45:13 +0000
Brent Yorgey
Tue, 7 Feb 2012 16:43:46 +0000
Brent Yorgey
Tue, 7 Feb 2012 14:25:00 +0000
Brent Yorgey
Tue, 7 Feb 2012 14:24:38 +0000
Brent Yorgey
Tue, 7 Feb 2012 05:26:35 +0000
Brent Yorgey
Tue, 7 Feb 2012 05:26:12 +0000
Brent Yorgey
Mon, 6 Feb 2012 04:38:58 +0000
Brent Yorgey
Mon, 6 Feb 2012 04:32:56 +0000
Brent Yorgey
Mon, 6 Feb 2012 04:17:07 +0000
Brent Yorgey
Mon, 6 Feb 2012 04:13:18 +0000
Brent Yorgey
Mon, 6 Feb 2012 03:59:50 +0000
Brent Yorgey
Mon, 6 Feb 2012 03:50:50 +0000
Brent Yorgey
Mon, 6 Feb 2012 03:03:23 +0000
Brent Yorgey
Mon, 6 Feb 2012 03:02:58 +0000
Brent Yorgey
Mon, 6 Feb 2012 03:02:32 +0000
Brent Yorgey
Mon, 6 Feb 2012 03:02:06 +0000
Brent Yorgey
Mon, 30 Jan 2012 22:14:12 +0000
Brent Yorgey
Mon, 30 Jan 2012 22:11:23 +0000
Brent Yorgey
Mon, 30 Jan 2012 22:07:36 +0000
Brent Yorgey
Mon, 30 Jan 2012 21:34:12 +0000
Brent Yorgey
Mon, 30 Jan 2012 21:28:51 +0000
Peter Hall
Sun, 29 Jan 2012 19:17:02 +0000
Brent Yorgey
Wed, 25 Jan 2012 14:28:29 +0000
Brent Yorgey
Wed, 25 Jan 2012 14:27:49 +0000
Brent Yorgey
Tue, 27 Dec 2011 06:22:25 +0000
Brent Yorgey
Tue, 27 Dec 2011 06:21:30 +0000
Brent Yorgey
Tue, 27 Dec 2011 06:20:58 +0000
Brent Yorgey
Tue, 27 Dec 2011 06:20:34 +0000
Brent Yorgey
Tue, 27 Dec 2011 06:19:25 +0000
Brent Yorgey
Tue, 27 Dec 2011 06:18:50 +0000
Brent Yorgey
Fri, 9 Dec 2011 19:30:45 +0000
Brent Yorgey
Fri, 9 Dec 2011 19:30:36 +0000
Brent Yorgey
Sun, 4 Dec 2011 19:58:24 +0000
Brent Yorgey
Fri, 2 Dec 2011 22:05:13 +0000
Brent Yorgey
Sun, 27 Nov 2011 18:03:50 +0000
Brent Yorgey
Mon, 21 Nov 2011 06:54:07 +0000
Brent Yorgey
Tue, 15 Nov 2011 08:00:34 +0000
Brent Yorgey
Mon, 14 Nov 2011 11:57:33 +0000
Brent Yorgey
Tue, 15 Nov 2011 07:44:25 +0000
Brent Yorgey
Fri, 11 Nov 2011 22:46:23 +0000
Brent Yorgey
Fri, 11 Nov 2011 21:28:45 +0000
Brent Yorgey
Sat, 12 Nov 2011 22:30:05 +0000
Brent Yorgey
Sun, 6 Nov 2011 05:37:54 +0000
Brent Yorgey
Sat, 5 Nov 2011 23:16:32 +0000
Ian Ross
Sat, 5 Nov 2011 21:47:40 +0000
Brent Yorgey
Fri, 4 Nov 2011 04:52:09 +0000
Brent Yorgey
Thu, 3 Nov 2011 02:07:15 +0000
Brent Yorgey
Wed, 2 Nov 2011 16:09:45 +0000
Brent Yorgey
Wed, 2 Nov 2011 16:09:27 +0000
Brent Yorgey
Wed, 2 Nov 2011 16:09:04 +0000
Brent Yorgey
Wed, 2 Nov 2011 04:54:01 +0000
Brent Yorgey
Wed, 2 Nov 2011 04:53:28 +0000
Brent Yorgey
Wed, 2 Nov 2011 04:53:14 +0000
Brent Yorgey
Wed, 2 Nov 2011 04:52:21 +0000
Brent Yorgey
Wed, 26 Oct 2011 05:10:08 +0000
Brent Yorgey
Sun, 23 Oct 2011 18:49:15 +0000
Brent Yorgey
Sun, 23 Oct 2011 18:33:31 +0000
Brent Yorgey
Sun, 23 Oct 2011 18:16:56 +0000
Brent Yorgey
Sun, 23 Oct 2011 18:16:29 +0000
Brent Yorgey
Sun, 23 Oct 2011 18:02:51 +0000
Brent Yorgey
Sun, 23 Oct 2011 18:01:24 +0000
Brent Yorgey
Sun, 23 Oct 2011 18:00:59 +0000
Brent Yorgey
Sun, 23 Oct 2011 05:21:26 +0000
Brent Yorgey
Sat, 22 Oct 2011 22:31:33 +0000
Brent Yorgey
Sat, 22 Oct 2011 21:38:11 +0000
Brent Yorgey
Sat, 22 Oct 2011 21:05:53 +0000
Brent Yorgey
Sat, 22 Oct 2011 18:34:55 +0000
Brent Yorgey
Fri, 21 Oct 2011 20:42:07 +0000
Brent Yorgey
Thu, 20 Oct 2011 03:36:26 +0000
Brent Yorgey
Thu, 20 Oct 2011 03:24:04 +0000
Brent Yorgey
Thu, 20 Oct 2011 03:14:03 +0000
Brent Yorgey
Thu, 20 Oct 2011 03:13:52 +0000
Brent Yorgey
Thu, 20 Oct 2011 03:12:41 +0000
Brent Yorgey
Wed, 28 Sep 2011 22:22:31 +0000
Brent Yorgey
Wed, 28 Sep 2011 12:27:23 +0000
Brent Yorgey
Fri, 23 Sep 2011 03:45:02 +0000
Brent Yorgey
Wed, 14 Sep 2011 22:29:37 +0000
Brent Yorgey
Wed, 14 Sep 2011 22:28:56 +0000
Brent Yorgey
Wed, 14 Sep 2011 22:08:27 +0000
Brent Yorgey
Wed, 14 Sep 2011 00:43:06 +0000
Brent Yorgey
Wed, 14 Sep 2011 00:36:22 +0000
Brent Yorgey
Wed, 14 Sep 2011 00:26:55 +0000
Brent Yorgey
Tue, 13 Sep 2011 22:48:40 +0000
Brent Yorgey
Tue, 13 Sep 2011 22:43:23 +0000
Brent Yorgey
Tue, 13 Sep 2011 21:19:58 +0000
Brent Yorgey
Tue, 13 Sep 2011 21:00:23 +0000
Brent Yorgey
Sat, 10 Sep 2011 16:03:21 +0000
Brent Yorgey
Sat, 10 Sep 2011 16:03:04 +0000
Brent Yorgey
Sat, 10 Sep 2011 16:02:57 +0000
Brent Yorgey
Sat, 10 Sep 2011 16:01:55 +0000
Brent Yorgey
Sat, 10 Sep 2011 16:01:37 +0000
Brent Yorgey
Fri, 9 Sep 2011 15:55:16 +0000
Brent Yorgey
Fri, 9 Sep 2011 15:08:49 +0000
Brent Yorgey
Fri, 9 Sep 2011 14:18:48 +0000
Brent Yorgey
Fri, 9 Sep 2011 14:08:29 +0000
Brent Yorgey
Fri, 9 Sep 2011 00:39:28 +0000
Brent Yorgey
Fri, 9 Sep 2011 00:33:58 +0000
Brent Yorgey
Fri, 9 Sep 2011 00:33:24 +0000
Brent Yorgey
Fri, 9 Sep 2011 00:24:52 +0000
Brent Yorgey
Thu, 8 Sep 2011 22:49:47 +0000
Brent Yorgey
Thu, 8 Sep 2011 22:49:34 +0000
Brent Yorgey
Thu, 8 Sep 2011 22:42:37 +0000
Brent Yorgey
Thu, 8 Sep 2011 18:33:31 +0000
Brent Yorgey
Thu, 8 Sep 2011 18:22:55 +0000
Brent Yorgey
Thu, 8 Sep 2011 17:30:05 +0000
Brent Yorgey
Thu, 8 Sep 2011 13:10:27 +0000
Brent Yorgey
Thu, 8 Sep 2011 01:39:18 +0000
Brent Yorgey
Thu, 8 Sep 2011 01:39:08 +0000
Brent Yorgey
Tue, 6 Sep 2011 21:54:52 +0000
Brent Yorgey
Tue, 6 Sep 2011 21:33:27 +0000
Brent Yorgey
Mon, 5 Sep 2011 23:57:37 +0000
Brent Yorgey
Mon, 5 Sep 2011 23:27:35 +0000
Brent Yorgey
Mon, 5 Sep 2011 23:27:09 +0000
Brent Yorgey
Sun, 4 Sep 2011 20:07:37 +0000
Brent Yorgey
Sat, 3 Sep 2011 22:07:03 +0000
Brent Yorgey
Sat, 3 Sep 2011 19:28:04 +0000
Brent Yorgey
Sat, 3 Sep 2011 19:27:42 +0000
Brent Yorgey
Sat, 3 Sep 2011 19:27:12 +0000
Brent Yorgey
Sat, 3 Sep 2011 19:07:55 +0000
Brent Yorgey
Sat, 3 Sep 2011 19:07:34 +0000
Brent Yorgey
Thu, 25 Aug 2011 05:27:47 +0000
Brent Yorgey
Tue, 23 Aug 2011 13:54:05 +0000
Brent Yorgey
Mon, 22 Aug 2011 22:23:52 +0000
Brent Yorgey
Mon, 22 Aug 2011 22:23:32 +0000
Brent Yorgey
Mon, 22 Aug 2011 22:13:59 +0000
Brent Yorgey
Mon, 22 Aug 2011 22:13:53 +0000
Brent Yorgey
Mon, 22 Aug 2011 21:27:55 +0000
Brent Yorgey
Sun, 21 Aug 2011 18:25:24 +0000
Brent Yorgey
Sat, 20 Aug 2011 19:45:44 +0000
Brent Yorgey
Sat, 20 Aug 2011 03:13:44 +0000
Brent Yorgey
Fri, 19 Aug 2011 15:35:47 +0000
Brent Yorgey
Fri, 19 Aug 2011 14:49:56 +0000
Brent Yorgey
Fri, 19 Aug 2011 14:14:19 +0000
Brent Yorgey
Thu, 18 Aug 2011 20:41:30 +0000
Brent Yorgey
Thu, 18 Aug 2011 20:21:01 +0000
Brent Yorgey
Thu, 18 Aug 2011 19:18:59 +0000
Brent Yorgey
Thu, 18 Aug 2011 19:18:41 +0000
Brent Yorgey
Thu, 18 Aug 2011 19:11:53 +0000
Brent Yorgey
Thu, 18 Aug 2011 19:11:06 +0000
Brent Yorgey
Thu, 18 Aug 2011 02:44:52 +0000
Brent Yorgey
Thu, 18 Aug 2011 02:18:08 +0000
Brent Yorgey
Wed, 17 Aug 2011 22:22:23 +0000
Brent Yorgey
Wed, 17 Aug 2011 22:17:54 +0000
Brent Yorgey
Wed, 17 Aug 2011 22:15:20 +0000
Brent Yorgey
Wed, 17 Aug 2011 20:11:14 +0000
Brent Yorgey
Wed, 17 Aug 2011 20:10:11 +0000
Brent Yorgey
Tue, 16 Aug 2011 21:11:35 +0000
Brent Yorgey
Tue, 16 Aug 2011 21:11:14 +0000
Brent Yorgey
Tue, 16 Aug 2011 21:11:07 +0000
Brent Yorgey
Mon, 15 Aug 2011 18:39:26 +0000
Brent Yorgey
Mon, 15 Aug 2011 18:39:08 +0000
Brent Yorgey
Mon, 15 Aug 2011 18:26:02 +0000
Brent Yorgey
Mon, 15 Aug 2011 18:25:42 +0000
Brent Yorgey
Mon, 15 Aug 2011 18:25:17 +0000
Brent Yorgey
Mon, 15 Aug 2011 03:04:20 +0000
Brent Yorgey
Sun, 14 Aug 2011 17:13:45 +0000
Brent Yorgey
Fri, 12 Aug 2011 18:23:06 +0000
Brent Yorgey
Sat, 13 Aug 2011 00:22:26 +0000
Brent Yorgey
Sat, 13 Aug 2011 00:22:04 +0000
Brent Yorgey
Fri, 12 Aug 2011 18:20:40 +0000
Brent Yorgey
Fri, 12 Aug 2011 18:20:22 +0000
Brent Yorgey
Thu, 11 Aug 2011 22:36:31 +0000
Brent Yorgey
Thu, 11 Aug 2011 22:36:17 +0000
Brent Yorgey
Thu, 11 Aug 2011 22:36:10 +0000
Brent Yorgey
Thu, 11 Aug 2011 22:35:58 +0000
Brent Yorgey
Thu, 11 Aug 2011 22:35:46 +0000
Brent Yorgey
Thu, 11 Aug 2011 21:48:17 +0000
Brent Yorgey
Thu, 11 Aug 2011 15:34:59 +0000
Brent Yorgey
Thu, 11 Aug 2011 01:52:17 +0000
Brent Yorgey
Thu, 11 Aug 2011 01:51:50 +0000
Brent Yorgey
Thu, 11 Aug 2011 01:49:43 +0000
Brent Yorgey
Wed, 10 Aug 2011 19:03:53 +0000
Brent Yorgey
Wed, 10 Aug 2011 19:03:28 +0000
Brent Yorgey
Sun, 7 Aug 2011 19:58:59 +0000
Brent Yorgey
Sun, 7 Aug 2011 19:58:49 +0000
Brent Yorgey
Tue, 9 Aug 2011 17:55:34 +0000
Brent Yorgey
Tue, 9 Aug 2011 15:36:35 +0000
Brent Yorgey
Tue, 9 Aug 2011 15:36:15 +0000
Brent Yorgey
Mon, 1 Aug 2011 20:25:09 +0000
Brent Yorgey
Fri, 29 Jul 2011 20:25:40 +0000
Brent Yorgey
Fri, 29 Jul 2011 20:25:34 +0000
Brent Yorgey
Thu, 7 Jul 2011 18:51:51 +0000
Brent Yorgey
Mon, 20 Jun 2011 00:49:26 +0000
Brent Yorgey
Mon, 20 Jun 2011 00:48:57 +0000
Brent Yorgey
Thu, 16 Jun 2011 01:03:13 +0000
Brent Yorgey
Tue, 14 Jun 2011 22:00:14 +0000
Brent Yorgey
Mon, 13 Jun 2011 18:08:13 +0000
Brent Yorgey
Tue, 14 Jun 2011 12:05:59 +0000
Brent Yorgey
Tue, 14 Jun 2011 12:03:54 +0000
Brent Yorgey
Tue, 14 Jun 2011 12:03:39 +0000
Brent Yorgey
Thu, 9 Jun 2011 02:21:38 +0000
Brent Yorgey
Mon, 6 Jun 2011 18:26:51 +0000
Brent Yorgey
Fri, 3 Jun 2011 21:21:10 +0000
Brent Yorgey
Fri, 3 Jun 2011 20:47:46 +0000
Brent Yorgey
Fri, 3 Jun 2011 20:13:58 +0000
Brent Yorgey
Thu, 2 Jun 2011 18:36:16 +0000
Brent Yorgey
Sun, 29 May 2011 02:16:12 +0000
Brent Yorgey
Sat, 28 May 2011 01:00:53 +0000
Brent Yorgey
Thu, 26 May 2011 21:42:54 +0000
Brent Yorgey
Thu, 26 May 2011 18:59:53 +0000
Brent Yorgey
Thu, 26 May 2011 18:59:36 +0000
Brent Yorgey
Thu, 26 May 2011 18:39:16 +0000
Brent Yorgey
Thu, 26 May 2011 18:29:54 +0000
Brent Yorgey
Wed, 25 May 2011 15:33:01 +0000
Brent Yorgey
Tue, 24 May 2011 21:21:20 +0000
Brent Yorgey
Tue, 24 May 2011 21:09:19 +0000
Brent Yorgey
Tue, 24 May 2011 21:07:10 +0000
Brent Yorgey
Tue, 24 May 2011 20:41:08 +0000
Brent Yorgey
Tue, 24 May 2011 17:59:24 +0000
Brent Yorgey
Tue, 24 May 2011 01:21:26 +0000
Brent Yorgey
Mon, 23 May 2011 01:42:42 +0000
Brent Yorgey
Sun, 22 May 2011 17:50:50 +0000
Brent Yorgey
Sun, 22 May 2011 16:39:41 +0000
Brent Yorgey
Sun, 22 May 2011 03:36:31 +0000
Brent Yorgey
Sun, 22 May 2011 03:36:03 +0000
Brent Yorgey
Sat, 21 May 2011 21:36:01 +0000
Brent Yorgey
Sat, 21 May 2011 18:58:38 +0000
Brent Yorgey
Fri, 20 May 2011 17:52:21 +0000
Brent Yorgey
Thu, 19 May 2011 21:03:44 +0000
Brent Yorgey
Wed, 18 May 2011 20:43:26 +0000
Brent Yorgey
Wed, 18 May 2011 20:30:15 +0000
Brent Yorgey
Wed, 18 May 2011 20:30:08 +0000
Brent Yorgey
Wed, 18 May 2011 20:18:27 +0000
Brent Yorgey
Wed, 18 May 2011 20:18:22 +0000
Brent Yorgey
Wed, 18 May 2011 20:17:33 +0000
Brent Yorgey
Wed, 18 May 2011 14:46:01 +0000
Brent Yorgey
Wed, 18 May 2011 14:42:46 +0000
Brent Yorgey
Tue, 17 May 2011 20:22:14 +0000
Brent Yorgey
Tue, 17 May 2011 20:22:06 +0000
Brent Yorgey
Tue, 17 May 2011 20:21:55 +0000
Brent Yorgey
Tue, 17 May 2011 15:25:46 +0000
Brent Yorgey
Tue, 17 May 2011 15:12:47 +0000
Brent Yorgey
Tue, 17 May 2011 15:09:59 +0000
Brent Yorgey
Tue, 17 May 2011 15:07:48 +0000
Brent Yorgey
Tue, 17 May 2011 14:54:00 +0000
Brent Yorgey
Tue, 17 May 2011 14:53:14 +0000
Brent Yorgey
Tue, 17 May 2011 14:53:00 +0000
Brent Yorgey
Tue, 17 May 2011 14:51:54 +0000
Brent Yorgey
Tue, 17 May 2011 14:51:21 +0000
Brent Yorgey
Tue, 17 May 2011 14:50:43 +0000
Brent Yorgey
Tue, 17 May 2011 14:50:11 +0000
Brent Yorgey
Mon, 16 May 2011 20:59:27 +0000
Brent Yorgey
Mon, 16 May 2011 20:59:15 +0000
Brent Yorgey
Mon, 16 May 2011 20:59:05 +0000
Brent Yorgey
Mon, 16 May 2011 20:58:31 +0000
Brent Yorgey
Mon, 16 May 2011 20:39:56 +0000
Brent Yorgey
Mon, 16 May 2011 20:39:42 +0000
Brent Yorgey
Mon, 16 May 2011 17:13:11 +0000
Brent Yorgey
Fri, 13 May 2011 21:21:42 +0000
Brent Yorgey
Fri, 13 May 2011 21:19:14 +0000
Brent Yorgey
Fri, 13 May 2011 21:19:13 +0000
Brent Yorgey
Thu, 12 May 2011 21:42:33 +0000
Brent Yorgey
Wed, 11 May 2011 22:22:46 +0000
Brent Yorgey
Wed, 11 May 2011 21:44:52 +0000
Brent Yorgey
Wed, 11 May 2011 21:04:16 +0000
Brent Yorgey
Wed, 11 May 2011 21:03:55 +0000
Brent Yorgey
Tue, 10 May 2011 22:06:27 +0000
Brent Yorgey
Mon, 9 May 2011 15:03:05 +0000
Brent Yorgey
Tue, 3 May 2011 21:47:51 +0000
Brent Yorgey
Tue, 3 May 2011 21:34:52 +0000
Brent Yorgey
Fri, 29 Apr 2011 16:19:39 +0000
Brent Yorgey
Fri, 29 Apr 2011 16:19:22 +0000
Brent Yorgey
Tue, 26 Apr 2011 23:21:59 +0000
Brent Yorgey
Tue, 26 Apr 2011 23:18:40 +0000
Brent Yorgey
Tue, 26 Apr 2011 23:18:31 +0000
Brent Yorgey
Tue, 26 Apr 2011 22:03:39 +0000
Brent Yorgey
Tue, 19 Apr 2011 17:51:38 +0000
Brent Yorgey
Tue, 3 May 2011 18:32:41 +0000
Brent Yorgey
Thu, 14 Apr 2011 20:27:10 +0000
Brent Yorgey
Fri, 8 Apr 2011 23:16:53 +0000
Brent Yorgey
Sat, 2 Apr 2011 15:31:50 +0000
Brent Yorgey
Fri, 1 Apr 2011 15:08:33 +0000
Brent Yorgey
Thu, 31 Mar 2011 18:58:44 +0000
Brent Yorgey
Fri, 25 Mar 2011 20:58:07 +0000
